{
  "features": [
    "fwd_05",
    "bwd_05",
    "max_05",
    "min_05",
    "fwd_12",
    "bwd_12",
    "max_12",
    "minutes_prior",
    "is_starter",
    "norm_dist_prev",
    "norm_dist_next",
    "db_prev",
    "db_next",
    "sights_in_window",
    "total_sights",
    "teammates_seen_since",
    "fwd_x_min",
    "bwd_x_min"
  ],
  "weights": [
    0.35928586445108607,
    2.4001698363021307,
    1.7503835004594126,
    1.0090722002897132,
    8.708833931978191,
    6.87780275844736,
    -2.634680726246787,
    6.530442327721963,
    -0.27440672842231334,
    -0.46045582363208204,
    0.5428691557226821,
    0.013904305465299626,
    0.008841818904188793,
    0.04642243932026901,
    -32.399064731947476,
    -0.050143851286512754,
    -2.3386281035242953,
    -3.663041514148016
  ],
  "bias": -4.182633802080031
}